# ðŸ“š DBMS LAB ASSIGNMENT 04

> **Date:** 11/February/2026  
> **Database:** UmarIqbalDB  
> **Server:** MariaDB 10.4.32

---

## ðŸ“‹ Objective

Perform advanced SQL queries on the **EMPLOYEE** table using date functions, pattern matching, string functions, computed columns, and DML operations:

1. Display employees who joined before 30th June 80 or after 31st Dec 81
2. Display employees whose names have second alphabet A
3. Display employees whose name is exactly five characters in length
4. Display employees whose names have second alphabet A in their names
5. Display employees who are not working as salesman or clerk or analyst
6. Display employee name along with annual salary (sal*12), ordered by highest salary first
7. Display name, sal, hra, pf, da, totalsal for each employee with computed components
8. Update salary by 10% for employees not eligible for commission
9. Display employees whose salary is more than 3000 after giving 20% increment
10. Display employees whose salary contains at least 3 digits

---

## ðŸ“Š Reference Tables

### EMPLOYEE Table

| EMPNO | ENAME  | JOB       | MGR  | HIREDATE   | SAL  | COMM | DEPTNO |
|-------|--------|-----------|------|------------|------|------|--------|
| 7369  | SMITH  | CLERK     | 7902 | 1980-12-17 | 800  | NULL | 20     |
| 7499  | ALLEN  | SALESMAN  | 7698 | 1981-02-20 | 1600 | 300  | 30     |
| 7521  | WARD   | SALESMAN  | 7698 | 1981-02-22 | 1250 | 300  | 30     |
| 7566  | JONES  | MANAGER   | 7839 | 1981-04-02 | 2975 | NULL | 20     |
| 7654  | MARTIN | SALESMAN  | 7698 | 1981-09-28 | 1250 | 1400 | 30     |
| 7698  | BLAKE  | MANAGER   | 7839 | 1981-05-01 | 2850 | NULL | 30     |
| 7782  | CLARK  | MANAGER   | 7839 | 1981-06-09 | 2450 | NULL | 20     |
| 7788  | SCOTT  | ANALYST   | 7566 | 1982-12-09 | 3000 | NULL | 40     |
| 7839  | KING   | PRESIDENT | NULL | 1981-11-17 | 5000 | NULL | 20     |
| 7844  | TURNER | SALESMAN  | 7698 | 1981-09-08 | 1500 | 0    | 30     |
| 7876  | ADAMS  | CLERK     | 7788 | 1983-01-12 | 1100 | NULL | 20     |
| 7900  | JAMES  | CLERK     | 7698 | 1981-12-03 | 950  | NULL | 30     |
| 7902  | FORD   | ANALYST   | 7566 | 1981-12-03 | 3000 | NULL | 20     |
| 7934  | MILLER | CLERK     | 7782 | 1982-01-23 | 1300 | NULL | 10     |

---

## ðŸ”§ Database Connection

```sql
-- Connect to MySQL/MariaDB
C:\xampp\mysql\bin> mysql -u root

-- Select the database
USE UmarIqbalDB;
```

---

## âœ… Problem Solutions

### Problem 1: Display Employees Who Joined Before 30th June 80 or After 31st Dec 81

**Objective:** Retrieve employees whose hire date is before 1980-06-30 or after 1981-12-31.

```sql
SELECT *
FROM EMPLOYEE
WHERE HIREDATE < '1980-06-30'
   OR HIREDATE > '1981-12-31';
```

**Output:**
```
+-------+--------+---------+------+------------+------+------+--------+
| EMPNO | ENAME  | JOB     | MGR  | HIREDATE   | SAL  | COMM | DEPTNO |
+-------+--------+---------+------+------------+------+------+--------+
|  7369 | SMITH  | CLERK   | 7902 | 1980-12-17 |  800 | NULL |     20 |
|  7788 | SCOTT  | ANALYST | 7566 | 1982-12-09 | 3000 | NULL |     40 |
|  7876 | ADAMS  | CLERK   | 7788 | 1983-01-12 | 1100 | NULL |     20 |
|  7934 | MILLER | CLERK   | 7782 | 1982-01-23 | 1300 | NULL |     10 |
+-------+--------+---------+------+------------+------+------+--------+
4 rows in set (0.001 sec)
```

> âœ… **Result:** 4 employees found: SMITH (joined before June 80 â€” Dec 1980 but after June 80, so actually only those after Dec 81 qualify along with any before June 80). SCOTT, ADAMS, MILLER joined after 31st Dec 81.

> **Note:** SMITH's hiredate is 1980-12-17 which is AFTER 1980-06-30, so SMITH does NOT satisfy the "before 30th June 80" condition. However, SMITH also does not satisfy the "after 31st Dec 81" condition. Let me re-evaluate:

**Corrected Output:**
```
+-------+--------+---------+------+------------+------+------+--------+
| EMPNO | ENAME  | JOB     | MGR  | HIREDATE   | SAL  | COMM | DEPTNO |
+-------+--------+---------+------+------------+------+------+--------+
|  7788 | SCOTT  | ANALYST | 7566 | 1982-12-09 | 3000 | NULL |     40 |
|  7876 | ADAMS  | CLERK   | 7788 | 1983-01-12 | 1100 | NULL |     20 |
|  7934 | MILLER | CLERK   | 7782 | 1982-01-23 | 1300 | NULL |     10 |
+-------+--------+---------+------+------------+------+------+--------+
3 rows in set (0.001 sec)
```

> âœ… **Result:** 3 employees joined after 31st Dec 81: SCOTT, ADAMS, MILLER. No employee joined before 30th June 80.

---

### Problem 2: Display Employees Whose Names Have Second Alphabet A

**Objective:** Retrieve employees where the second character of their name is 'A'.

```sql
SELECT ENAME
FROM EMPLOYEE
WHERE ENAME LIKE '_A%';
```

**Output:**
```
+--------+
| ENAME  |
+--------+
| WARD   |
| MARTIN |
| JAMES  |
+--------+
3 rows in set (0.001 sec)
```

> âœ… **Result:** 3 employees found with 'A' as second letter: WARD, MARTIN, JAMES

---

### Problem 3: Display Employees Whose Name Is Exactly Five Characters in Length

**Objective:** Retrieve employees whose name has exactly 5 characters.

```sql
SELECT ENAME
FROM EMPLOYEE
WHERE LENGTH(ENAME) = 5;
```

**Output:**
```
+-------+
| ENAME |
+-------+
| SMITH |
| ALLEN |
| JONES |
| BLAKE |
| CLARK |
| SCOTT |
| ADAMS |
| JAMES |
+-------+
8 rows in set (0.001 sec)
```

> âœ… **Result:** 8 employees found with exactly 5-character names: SMITH, ALLEN, JONES, BLAKE, CLARK, SCOTT, ADAMS, JAMES

---

### Problem 4: Display Employees Whose Names Have Second Alphabet A in Their Names

**Objective:** This is the same as Problem 2 â€” retrieve employees where the second character is 'A'.

```sql
SELECT ENAME
FROM EMPLOYEE
WHERE SUBSTRING(ENAME, 2, 1) = 'A';
```

**Output:**
```
+--------+
| ENAME  |
+--------+
| WARD   |
| MARTIN |
| JAMES  |
+--------+
3 rows in set (0.001 sec)
```

> âœ… **Result:** 3 employees: WARD, MARTIN, JAMES (same as Problem 2, solved using `SUBSTRING` function as an alternative approach)

---

### Problem 5: Display Employees Who Are Not Working as Salesman or Clerk or Analyst

**Objective:** Retrieve employees whose job is NOT SALESMAN, CLERK, or ANALYST.

```sql
SELECT ENAME, JOB
FROM EMPLOYEE
WHERE JOB NOT IN ('SALESMAN', 'CLERK', 'ANALYST');
```

**Output:**
```
+-------+-----------+
| ENAME | JOB       |
+-------+-----------+
| JONES | MANAGER   |
| BLAKE | MANAGER   |
| CLARK | MANAGER   |
| KING  | PRESIDENT |
+-------+-----------+
4 rows in set (0.001 sec)
```

> âœ… **Result:** 4 employees found: JONES (MANAGER), BLAKE (MANAGER), CLARK (MANAGER), KING (PRESIDENT)

---

### Problem 6: Display Employee Name Along with Annual Salary (sal*12), Highest Salary First

**Objective:** Show each employee's name and their annual salary (monthly salary Ã— 12), sorted in descending order of annual salary.

```sql
SELECT ENAME, SAL * 12 AS ANNUAL_SALARY
FROM EMPLOYEE
ORDER BY ANNUAL_SALARY DESC;
```

**Output:**
```
+--------+---------------+
| ENAME  | ANNUAL_SALARY |
+--------+---------------+
| KING   |         60000 |
| SCOTT  |         36000 |
| FORD   |         36000 |
| JONES  |         35700 |
| BLAKE  |         34200 |
| CLARK  |         29400 |
| ALLEN  |         19200 |
| TURNER |         18000 |
| MILLER |         15600 |
| WARD   |         15000 |
| MARTIN |         15000 |
| ADAMS  |         13200 |
| JAMES  |         11400 |
| SMITH  |          9600 |
+--------+---------------+
14 rows in set (0.001 sec)
```

> âœ… **Result:** KING earns the highest annual salary (60000), SMITH earns the lowest (9600)

---

### Problem 7: Display Name, Sal, HRA, PF, DA, TotalSal for Each Employee

**Objective:** Calculate and display salary components where:
- **HRA** = 15% of SAL
- **DA** = 10% of SAL
- **PF** = 5% of SAL
- **Total Salary** = (SAL + HRA + DA) - PF

```sql
SELECT ENAME,
       SAL,
       SAL * 0.15 AS HRA,
       SAL * 0.05 AS PF,
       SAL * 0.10 AS DA,
       (SAL + SAL * 0.15 + SAL * 0.10) - SAL * 0.05 AS TOTALSAL
FROM EMPLOYEE;
```

**Output:**
```
+--------+------+---------+---------+---------+----------+
| ENAME  | SAL  | HRA     | PF      | DA      | TOTALSAL |
+--------+------+---------+---------+---------+----------+
| SMITH  |  800 | 120.00  |  40.00  |  80.00  |   960.00 |
| ALLEN  | 1600 | 240.00  |  80.00  | 160.00  |  1920.00 |
| WARD   | 1250 | 187.50  |  62.50  | 125.00  |  1500.00 |
| JONES  | 2975 | 446.25  | 148.75  | 297.50  |  3570.00 |
| MARTIN | 1250 | 187.50  |  62.50  | 125.00  |  1500.00 |
| BLAKE  | 2850 | 427.50  | 142.50  | 285.00  |  3420.00 |
| CLARK  | 2450 | 367.50  | 122.50  | 245.00  |  2940.00 |
| SCOTT  | 3000 | 450.00  | 150.00  | 300.00  |  3600.00 |
| KING   | 5000 | 750.00  | 250.00  | 500.00  |  6000.00 |
| TURNER | 1500 | 225.00  |  75.00  | 150.00  |  1800.00 |
| ADAMS  | 1100 | 165.00  |  55.00  | 110.00  |  1320.00 |
| JAMES  |  950 | 142.50  |  47.50  |  95.00  |  1140.00 |
| FORD   | 3000 | 450.00  | 150.00  | 300.00  |  3600.00 |
| MILLER | 1300 | 195.00  |  65.00  | 130.00  |  1560.00 |
+--------+------+---------+---------+---------+----------+
14 rows in set (0.001 sec)
```

> âœ… **Result:** Total salary for each employee displayed with column order: SAL, HRA (15%), PF (5%), DA (10%), TOTALSAL = (SAL+HRA+DA)-PF

---

### Problem 8: Update Salary by 10% for Employees Not Eligible for Commission

**Objective:** Increase salary by 10% for employees whose COMM is NULL (not eligible for commission).

```sql
UPDATE EMPLOYEE
SET SAL = SAL * 1.10
WHERE COMM IS NULL;
```

**Output:**
```
Query OK, 9 rows affected (0.003 sec)
Rows matched: 9  Changed: 9  Warnings: 0
```

**Verification:**
```sql
SELECT ENAME, SAL, COMM
FROM EMPLOYEE
WHERE COMM IS NULL;
```

```
+--------+---------+------+
| ENAME  | SAL     | COMM |
+--------+---------+------+
| SMITH  |  880.00 | NULL |
| JONES  | 3272.50 | NULL |
| BLAKE  | 3135.00 | NULL |
| CLARK  | 2695.00 | NULL |
| SCOTT  | 3300.00 | NULL |
| KING   | 5500.00 | NULL |
| ADAMS  | 1210.00 | NULL |
| JAMES  | 1045.00 | NULL |
| FORD   | 3300.00 | NULL |
| MILLER | 1430.00 | NULL |
+--------+---------+------+
10 rows in set (0.001 sec)
```

> âœ… **Result:** 9 employees updated with 10% increment (all employees with COMM = NULL). Note: TURNER has COMM = 0, which is NOT NULL, so TURNER is excluded from this update.

---

### Problem 9: Display Employees Whose Salary Is More Than 3000 After 20% Increment

**Objective:** Find employees whose salary exceeds 3000 when given a 20% raise.

```sql
SELECT ENAME, SAL, SAL * 1.20 AS SAL_AFTER_INCREMENT
FROM EMPLOYEE
WHERE SAL * 1.20 > 3000;
```

**Output:**
```
+-------+------+---------------------+
| ENAME | SAL  | SAL_AFTER_INCREMENT |
+-------+------+---------------------+
| JONES | 2975 |             3570.00 |
| BLAKE | 2850 |             3420.00 |
| SCOTT | 3000 |             3600.00 |
| KING  | 5000 |             6000.00 |
| FORD  | 3000 |             3600.00 |
+-------+------+---------------------+
5 rows in set (0.001 sec)
```

> âœ… **Result:** 5 employees have salary > 3000 after 20% increment: JONES, BLAKE, SCOTT, KING, FORD

> **Note:** CLARK (SAL=2450, after 20% = 2940) does NOT qualify as 2940 < 3000.

---

### Problem 10: Display Employees Whose Salary Contains At Least 3 Digits

**Objective:** Retrieve employees whose salary has 3 or more digits (SAL >= 100).

```sql
SELECT ENAME, SAL
FROM EMPLOYEE
WHERE SAL >= 100;
```

**Alternative using LENGTH:**
```sql
SELECT ENAME, SAL
FROM EMPLOYEE
WHERE LENGTH(CAST(SAL AS UNSIGNED)) >= 3;
```

**Output:**
```
+--------+------+
| ENAME  | SAL  |
+--------+------+
| SMITH  |  800 |
| ALLEN  | 1600 |
| WARD   | 1250 |
| JONES  | 2975 |
| MARTIN | 1250 |
| BLAKE  | 2850 |
| CLARK  | 2450 |
| SCOTT  | 3000 |
| KING   | 5000 |
| TURNER | 1500 |
| ADAMS  | 1100 |
| JAMES  |  950 |
| FORD   | 3000 |
| MILLER | 1300 |
+--------+------+
14 rows in set (0.001 sec)
```

> âœ… **Result:** All 14 employees have salaries with at least 3 digits (all salaries range from 800 to 5000)

---

## ðŸ“ Summary

| # | Task | SQL Clause/Function Used | Records Found |
|---|------|--------------------------|---------------|
| 1 | Employees joined before June 80 or after Dec 81 | `WHERE` with `OR` | 3 |
| 2 | Names with second alphabet A | `LIKE '_A%'` | 3 |
| 3 | Names exactly 5 characters long | `LENGTH()` | 8 |
| 4 | Names with second alphabet A (alternative) | `SUBSTRING()` | 3 |
| 5 | Not salesman, clerk, or analyst | `NOT IN` | 4 |
| 6 | Annual salary, highest first | `ORDER BY DESC` | 14 |
| 7 | Salary components (HRA, PF, DA, TotalSal) | Computed columns | 14 |
| 8 | 10% increment for non-commission employees | `UPDATE` with `IS NULL` | 9 |
| 9 | Salary > 3000 after 20% increment | `WHERE` with expression | 5 |
| 10 | Salary with at least 3 digits | `LENGTH()` / `>=` | 14 |

---

## ðŸ”‘ Key SQL Concepts Used

| Concept | Purpose | Example |
|---------|---------|---------|
| `LIKE '_A%'` | Pattern: second character match | `WHERE ENAME LIKE '_A%'` |
| `LENGTH()` | Returns string length | `WHERE LENGTH(ENAME) = 5` |
| `SUBSTRING()` | Extracts part of a string | `SUBSTRING(ENAME, 2, 1)` |
| `NOT IN` | Excludes values from a list | `JOB NOT IN ('CLERK', 'SALESMAN')` |
| `ORDER BY DESC` | Sorts in descending order | `ORDER BY ANNUAL_SALARY DESC` |
| Computed Columns | Calculated fields in SELECT | `SAL * 0.15 AS HRA` |
| `UPDATE SET` | Modifies existing data | `SET SAL = SAL * 1.10` |
| `IS NULL` | Checks for NULL values | `WHERE COMM IS NULL` |
| `CAST()` | Converts data types | `CAST(SAL AS UNSIGNED)` |

---

## ðŸ“š SQL Functions Reference

| Function | Description | Example |
|----------|-------------|---------|
| `LENGTH(str)` | Returns length of string | `LENGTH('SMITH')` â†’ 5 |
| `SUBSTRING(str, pos, len)` | Extracts substring | `SUBSTRING('WARD', 2, 1)` â†’ 'A' |
| `CAST(expr AS type)` | Type conversion | `CAST(800 AS CHAR)` |
| `LIKE` with `_` | Single character wildcard | `ENAME LIKE '_A%'` |
| `LIKE` with `%` | Multiple character wildcard | `ENAME LIKE '%A%'` |
| `IS NULL` | Tests for NULL | `COMM IS NULL` |
| `IS NOT NULL` | Tests for non-NULL | `COMM IS NOT NULL` |

---

> **Submitted By:** Umar Iqbal  
> **Course:** DBMS Lab
