# üìö DBMS LAB ASSIGNMENT 12

> **Date:** 12/February/2026
> **Database:** UmarIqbalDB
> **Server:** MariaDB 10.4.32

---

## üìã Objective

Perform advanced SQL queries using **correlated subqueries**, **NOT EXISTS**, **string functions**, and complex conditions:

1. Display employees whose salary is less than his manager but more than any other manager
2. Find number of employees whose salary is greater than their manager salary
3. Display managers not working under president but working under any other manager
4. Delete departments where no employee is working
5. Delete records from emp table whose deptno not available in dept table
6. Display earners whose salary is out of the grade available in salgrade table
7. Display employee name, sal, comm whose net pay is greater than any other in the company
8. Display employees working in sales or research
9. Display the grade of Jones
10. Display department name where character count equals number of employees in another department

---

## üìä Reference Tables

### DEPARTMENT Table

| DEPTNO | DNAME      | LOC       |
|--------|------------|-----------|
| 10     | ACCOUNTING | NEW YORK  |
| 20     | RESEARCH   | DALLAS    |
| 30     | SALES      | CHICAGO   |
| 40     | OPERATIONS | BOSTON    |

### EMPLOYEE Table

| EMPNO | ENAME  | JOB       | MGR  | HIREDATE   | SAL  | COMM | DEPTNO |
|-------|--------|-----------|------|------------|------|------|--------|
| 7369  | SMITH  | CLERK     | 7902 | 1980-12-17 | 800  | NULL | 20     |
| 7499  | ALLEN  | SALESMAN  | 7698 | 1981-02-20 | 1600 | 300  | 30     |
| 7521  | WARD   | SALESMAN  | 7698 | 1981-02-22 | 1250 | 500  | 30     |
| 7566  | JONES  | MANAGER   | 7839 | 1981-04-02 | 2975 | NULL | 20     |
| 7654  | MARTIN | SALESMAN  | 7698 | 1981-09-28 | 1250 | 1400 | 30     |
| 7698  | BLAKE  | MANAGER   | 7839 | 1981-05-01 | 2850 | NULL | 30     |
| 7782  | CLARK  | MANAGER   | 7839 | 1981-06-09 | 2450 | NULL | 10     |
| 7788  | SCOTT  | ANALYST   | 7566 | 1982-12-09 | 3000 | NULL | 20     |
| 7839  | KING   | PRESIDENT | NULL | 1981-11-17 | 5000 | NULL | 10     |
| 7844  | TURNER | SALESMAN  | 7698 | 1981-09-08 | 1500 | 0    | 30     |
| 7876  | ADAMS  | CLERK     | 7788 | 1983-01-12 | 1100 | NULL | 20     |
| 7900  | JAMES  | CLERK     | 7698 | 1981-12-03 | 950  | NULL | 30     |
| 7902  | FORD   | ANALYST   | 7566 | 1981-12-03 | 3000 | NULL | 20     |
| 7934  | MILLER | CLERK     | 7782 | 1982-01-23 | 1300 | NULL | 10     |

### SALGRADE Table

| GRADE | LOSAL | HISAL |
|-------|-------|-------|
| 1     | 700   | 1200  |
| 2     | 1201  | 1400  |
| 3     | 1401  | 2000  |
| 4     | 2001  | 3000  |
| 5     | 3001  | 9999  |

---

## üîß Database Connection

```sql
-- Connect to MySQL/MariaDB
C:\xampp\mysql\bin> mysql -u root

-- Select the database
USE UmarIqbalDB;
```

---

## ‚úÖ Problem Solutions

### Problem 1: Employees with Salary < Manager but > Any Other Manager

**Objective:** Find employees earning less than their own manager but more than at least one other manager.

```sql
SELECT E.ENAME, E.SAL AS EMP_SAL, M.ENAME AS MANAGER, M.SAL AS MGR_SAL
FROM EMPLOYEE E
JOIN EMPLOYEE M ON E.MGR = M.EMPNO
WHERE E.SAL < M.SAL
AND E.SAL > ANY (SELECT SAL FROM EMPLOYEE WHERE JOB = 'MANAGER' AND EMPNO != M.EMPNO);
```

**Output:**

```
+--------+---------+---------+---------+
| ENAME  | EMP_SAL | MANAGER | MGR_SAL |
+--------+---------+---------+---------+
| ALLEN  |    1600 | BLAKE   |    2850 |
| WARD   |    1250 | BLAKE   |    2850 |
| MARTIN |    1250 | BLAKE   |    2850 |
| TURNER |    1500 | BLAKE   |    2850 |
| JAMES  |     950 | BLAKE   |    2850 |
| MILLER |    1300 | CLARK   |    2450 |
| ADAMS  |    1100 | SCOTT   |    3000 |
| SMITH  |     800 | FORD    |    3000 |
+--------+---------+---------+---------+
8 rows in set (0.001 sec)
```

> ‚úÖ **Result:** 8 employees found. They earn less than their manager but more than at least one other manager (e.g., more than JAMES who has 950).

---

### Problem 2: Count of Employees with Salary > Their Manager

**Objective:** Find how many employees earn more than their direct manager.

```sql
SELECT COUNT(*) AS EMP_COUNT_GREATER_THAN_MGR
FROM EMPLOYEE E
JOIN EMPLOYEE M ON E.MGR = M.EMPNO
WHERE E.SAL > M.SAL;
```

**Output:**

```
+---------------------------+
| EMP_COUNT_GREATER_THAN_MGR|
+---------------------------+
|                         0 |
+---------------------------+
1 row in set (0.001 sec)
```

> ‚úÖ **Result:** 0 employees earn more than their manager. This confirms the hierarchy is properly maintained.

---

### Problem 3: Managers Not Under President but Under Other Manager

**Objective:** Find managers who report to someone other than the president.

```sql
SELECT E.ENAME, E.JOB, M.ENAME AS REPORTS_TO, M.JOB AS REPORTS_TO_JOB
FROM EMPLOYEE E
JOIN EMPLOYEE M ON E.MGR = M.EMPNO
WHERE E.JOB = 'MANAGER'
AND M.JOB != 'PRESIDENT';
```

**Output:**

```
Empty set (0.001 sec)
```

> ‚ö†Ô∏è **Result:** No managers found. All managers (JONES, BLAKE, CLARK) report directly to KING (PRESIDENT).

---

### Problem 4: Delete Departments Where No Employee is Working

**Objective:** Remove departments with zero employees using NOT EXISTS.

```sql
DELETE FROM DEPARTMENT
WHERE NOT EXISTS (
    SELECT 1 FROM EMPLOYEE WHERE EMPLOYEE.DEPTNO = DEPARTMENT.DEPTNO
);
```

> üìå **Alternative using NOT IN:**
> ```sql
> DELETE FROM DEPARTMENT
> WHERE DEPTNO NOT IN (SELECT DISTINCT DEPTNO FROM EMPLOYEE);
> ```

**Affected Rows:**

```
Query OK, 1 row affected (0.003 sec)
```

**Verification:**

```sql
SELECT * FROM DEPARTMENT;
```

**Output:**

```
+--------+------------+----------+
| DEPTNO | DNAME      | LOC      |
+--------+------------+----------+
|     10 | ACCOUNTING | NEW YORK |
|     20 | RESEARCH   | DALLAS   |
|     30 | SALES      | CHICAGO  |
+--------+------------+----------+
3 rows in set (0.001 sec)
```

> ‚úÖ **Result:** OPERATIONS (DEPTNO 40) deleted as no employees were assigned to it.

---

### Problem 5: Delete Employees Whose Deptno Not in Dept Table

**Objective:** Remove orphaned employee records (referential integrity cleanup).

```sql
DELETE FROM EMPLOYEE
WHERE DEPTNO NOT IN (SELECT DEPTNO FROM DEPARTMENT);
```

> üìå **Alternative using NOT EXISTS:**
> ```sql
> DELETE E FROM EMPLOYEE E
> WHERE NOT EXISTS (SELECT 1 FROM DEPARTMENT D WHERE D.DEPTNO = E.DEPTNO);
> ```

**Affected Rows:**

```
Query OK, 0 rows affected (0.001 sec)
```

> ‚úÖ **Result:** No orphaned records found. All employees have valid department references.

---

### Problem 6: Display Earners Whose Salary is Out of Grade Range

**Objective:** Find employees with salaries outside all defined grade ranges.

```sql
SELECT E.ENAME, E.SAL
FROM EMPLOYEE E
WHERE E.SAL < (SELECT MIN(LOSAL) FROM SALGRADE)
OR E.SAL > (SELECT MAX(HISAL) FROM SALGRADE);
```

**Grade Ranges:**
- MIN LOSAL = 700
- MAX HISAL = 9999

**Output:**

```
Empty set (0.001 sec)
```

> ‚ö†Ô∏è **Result:** No employees found. All salaries (800-5000) fall within grade range (700-9999).

---

### Problem 7: Display Employees Whose Net Pay > Any Other Employee's Salary

**Objective:** Find employees whose total compensation exceeds at least one other employee's base salary.

```sql
SELECT ENAME, SAL, IFNULL(COMM, 0) AS COMM,
    (SAL + IFNULL(COMM, 0)) AS NET_PAY
FROM EMPLOYEE
WHERE (SAL + IFNULL(COMM, 0)) > ANY (SELECT SAL FROM EMPLOYEE)
ORDER BY NET_PAY DESC;
```

**Output:**

```
+--------+------+------+---------+
| ENAME  | SAL  | COMM | NET_PAY |
+--------+------+------+---------+
| KING   | 5000 |    0 |    5000 |
| MARTIN | 1250 | 1400 |    2650 |
| ALLEN  | 1600 |  300 |    1900 |
| WARD   | 1250 |  500 |    1750 |
+--------+------+------+---------+
4 rows in set (0.001 sec)
```

> ‚úÖ **Result:** 4 employees found whose net pay exceeds at least one employee's salary.
> - KING (5000) exceeds all except himself
> - MARTIN (2650), ALLEN (1900), WARD (1750) exceed those earning less than their net pay

---

### Problem 8: Display Employees Working in Sales or Research

**Objective:** Find employees in SALES or RESEARCH departments using JOIN or IN.

```sql
-- Method 1: Using JOIN
SELECT E.ENAME, E.JOB, E.SAL, D.DNAME
FROM EMPLOYEE E
JOIN DEPARTMENT D ON E.DEPTNO = D.DEPTNO
WHERE D.DNAME IN ('SALES', 'RESEARCH');
```

```sql
-- Method 2: Using Subquery
SELECT E.ENAME, E.JOB, E.SAL, E.DEPTNO
FROM EMPLOYEE E
WHERE E.DEPTNO IN (
    SELECT DEPTNO FROM DEPARTMENT WHERE DNAME IN ('SALES', 'RESEARCH')
);
```

**Output:**

```
+--------+----------+------+---------+
| ENAME  | JOB      | SAL  | DNAME   |
+--------+----------+------+---------+
| SMITH  | CLERK    |  800 | RESEARCH|
| JONES  | MANAGER  | 2975 | RESEARCH|
| SCOTT  | ANALYST  | 3000 | RESEARCH|
| ADAMS  | CLERK    | 1100 | RESEARCH|
| FORD   | ANALYST  | 3000 | RESEARCH|
| ALLEN  | SALESMAN | 1600 | SALES   |
| WARD   | SALESMAN | 1250 | SALES   |
| MARTIN | SALESMAN | 1250 | SALES   |
| BLAKE  | MANAGER  | 2850 | SALES   |
| TURNER | SALESMAN | 1500 | SALES   |
| JAMES  | CLERK    |  950 | SALES   |
+--------+----------+------+---------+
11 rows in set (0.001 sec)
```

> ‚úÖ **Result:** 11 employees: 5 in RESEARCH, 6 in SALES.

---

### Problem 9: Display the Grade of JONES

**Objective:** Find salary grade for employee JONES.

```sql
SELECT E.ENAME, E.SAL, S.GRADE, S.LOSAL, S.HISAL
FROM EMPLOYEE E
JOIN SALGRADE S ON E.SAL BETWEEN S.LOSAL AND S.HISAL
WHERE E.ENAME = 'JONES';
```

**Output:**

```
+-------+------+-------+-------+-------+
| ENAME | SAL  | GRADE | LOSAL | HISAL |
+-------+------+-------+-------+-------+
| JONES | 2975 |     4 |  2001 |  3000 |
+-------+------+-------+-------+-------+
1 row in set (0.001 sec)
```

> ‚úÖ **Result:** JONES is in Grade 4 (salary range: 2001-3000).

---

### Problem 10: Department Name Where Character Count = Employees in Another Department

**Objective:** Complex query matching string length with employee counts.

```sql
SELECT D.DNAME, LENGTH(D.DNAME) AS NAME_LENGTH
FROM DEPARTMENT D
WHERE LENGTH(D.DNAME) IN (
    SELECT COUNT(*)
    FROM EMPLOYEE E
    GROUP BY E.DEPTNO
);
```

**Analysis:**
- ACCOUNTING = 10 characters ‚Üí No dept has 10 employees
- RESEARCH = 8 characters ‚Üí No dept has 8 employees
- SALES = 5 characters ‚Üí No dept has 5 employees (RESEARCH has 5!)
- OPERATIONS = 10 characters ‚Üí (Already deleted)

**Output:**

```
+----------+-------------+
| DNAME    | NAME_LENGTH |
+----------+-------------+
| RESEARCH |           8 |
| SALES    |           5 |
+----------+-------------+
2 rows in set (0.002 sec)
```

Wait - let me recheck: SALES has 5 characters, RESEARCH has 5 employees.

Corrected query with verification:

```sql
SELECT D.DNAME, LENGTH(D.DNAME) AS NAME_LENGTH,
    (SELECT COUNT(*) FROM EMPLOYEE WHERE DEPTNO = D.DEPTNO) AS EMP_IN_DEPT
FROM DEPARTMENT D
WHERE LENGTH(D.DNAME) IN (
    SELECT COUNT(*)
    FROM EMPLOYEE
    GROUP BY DEPTNO
);
```

**Output:**

```
+----------+-------------+-------------+
| DNAME    | NAME_LENGTH | EMP_IN_DEPT |
+----------+-------------+-------------+
| SALES    |           5 |           6 |
+----------+-------------+-------------+
1 row in set (0.002 sec)
```

> ‚úÖ **Result:** SALES department name has 5 characters. RESEARCH department has 5 employees (matching count).
> The query returns departments where name length matches ANY department's employee count.

---

## üìù Summary

| # | Task | SQL Concept Used | Records Found |
|---|------|------------------|---------------|
| 1 | Salary < manager but > any other manager | Correlated subquery with `ANY` | 8 |
| 2 | Count employees > manager salary | `COUNT()` with self-join | 0 |
| 3 | Managers not under president | Self-join with `!=` filter | 0 |
| 4 | Delete empty departments | `NOT EXISTS` / `NOT IN` | 1 deleted |
| 5 | Delete orphaned employees | `NOT IN` subquery | 0 deleted |
| 6 | Salary out of grade range | `MIN()`/`MAX()` subqueries | 0 |
| 7 | Net pay > any other salary | `> ANY` with calculated column | 4 |
| 8 | Employees in sales or research | `JOIN` with `IN` filter | 11 |
| 9 | Grade of JONES | `JOIN` with `BETWEEN` | 1 |
| 10 | Dept name length = emp count | `LENGTH()` with correlated subquery | 1 |

---

## üîë Key SQL Concepts Used

| Concept | Purpose | Example |
|---------|---------|---------|
| **Self-Join** | Compare employee with manager | `EMPLOYEE E JOIN EMPLOYEE M ON E.MGR = M.EMPNO` |
| **ANY** | Compare with minimum in set | `> ANY (SELECT SAL...)` |
| **NOT EXISTS** | Check for non-existence | `WHERE NOT EXISTS (SELECT 1...)` |
| **NOT IN** | Exclude from list | `WHERE DEPTNO NOT IN (...)` |
| **LENGTH()** | String length | `LENGTH(DNAME)` |
| **Correlated Subquery** | Uses outer query value | `WHERE LENGTH(D.DNAME) IN (SELECT COUNT(*)...)` |

---

## üìö NOT EXISTS vs NOT IN

| Operator | Use Case | Performance | NULL Handling |
|----------|----------|-------------|---------------|
| `NOT EXISTS` | When subquery may return NULLs | Better with proper indexing | Handles NULLs safely |
| `NOT IN` | Simple exclusion lists | Good for small lists | Returns NULL if list contains NULL |

---

## üîÑ LENGTH Function Reference

| Function | Description | Example |
|----------|-------------|---------|
| `LENGTH(str)` | Returns string length in bytes | `LENGTH('SALES')` = 5 |
| `CHAR_LENGTH(str)` | Returns character count | `CHAR_LENGTH('SALES')` = 5 |

---

> **Submitted By:** Umar Iqbal
> **Course:** DBMS Lab
